{"cameraMode":{"drawMode":0,"name":"Shaded","section":"Shading Mode"},"sceneLighting":true,"audioPlay":false,"sceneViewState":{"showFog":true,"showMaterialUpdate":false,"showSkybox":true,"showFlares":true,"showImageEffects":true,"showParticleSystems":true},"in2DMode":false,"pivot":{"x":-19.057640075683595,"y":-29.953998565673829,"z":116.96858215332031},"rotation":{"x":-0.32625487446784975,"y":0.16166071593761445,"z":-0.05677250772714615,"w":-0.9296898245811462},"size":82.0712890625,"orthographic":false}