{"cameraMode":{"drawMode":0,"name":"Shaded","section":"Shading Mode"},"sceneLighting":true,"audioPlay":false,"sceneViewState":{"showFog":true,"showMaterialUpdate":false,"showSkybox":false,"showFlares":true,"showImageEffects":true,"showParticleSystems":true},"in2DMode":false,"pivot":{"x":8.7025146484375,"y":4.9011549949646,"z":-10.586589813232422},"rotation":{"x":0.5673614740371704,"y":0.006170987151563168,"z":-0.004254849161952734,"w":0.8234518766403198},"size":63.14866256713867,"orthographic":false}