{"cameraMode":{"drawMode":0,"name":"Shaded","section":"Shading Mode"},"sceneLighting":true,"audioPlay":false,"sceneViewState":{"showFog":true,"showMaterialUpdate":false,"showSkybox":true,"showFlares":true,"showImageEffects":true,"showParticleSystems":true},"in2DMode":false,"pivot":{"x":-65.92800903320313,"y":-32.476688385009769,"z":-69.14474487304688},"rotation":{"x":0.06495451182126999,"y":-0.9121809601783752,"z":0.15921583771705628,"w":0.37206897139549258},"size":115.33243560791016,"orthographic":false}