{"cameraMode":{"drawMode":0,"name":"Shaded","section":"Shading Mode"},"sceneLighting":false,"audioPlay":false,"sceneViewState":{"showFog":true,"showMaterialUpdate":false,"showSkybox":false,"showFlares":true,"showImageEffects":true,"showParticleSystems":true},"in2DMode":false,"pivot":{"x":-17.932510375976564,"y":0.20045018196105958,"z":-15.162989616394043},"rotation":{"x":0.07843776047229767,"y":-0.673386812210083,"z":0.07219787687063217,"w":0.7315776944160461},"size":7.94270133972168,"orthographic":false}