{"cameraMode":{"drawMode":0,"name":"Shaded","section":"Shading Mode"},"sceneLighting":true,"audioPlay":false,"sceneViewState":{"showFog":true,"showMaterialUpdate":false,"showSkybox":true,"showFlares":true,"showImageEffects":true,"showParticleSystems":true},"in2DMode":false,"pivot":{"x":2.163461685180664,"y":-22.499244689941408,"z":-26.609546661376954},"rotation":{"x":0.002115905750542879,"y":0.9419662356376648,"z":-0.3356577157974243,"w":0.005934754852205515},"size":77.07205200195313,"orthographic":false}