{"cameraMode":{"drawMode":0,"name":"Shaded","section":"Shading Mode"},"sceneLighting":true,"audioPlay":false,"sceneViewState":{"showFog":true,"showMaterialUpdate":false,"showSkybox":true,"showFlares":true,"showImageEffects":true,"showParticleSystems":true},"in2DMode":false,"pivot":{"x":-45.04630661010742,"y":-56.021095275878909,"z":-76.16463470458985},"rotation":{"x":0.07904833555221558,"y":-0.9206538200378418,"z":0.2835855185985565,"w":0.25656870007514956},"size":113.47722625732422,"orthographic":false}