{"cameraMode":{"drawMode":0,"name":"Shaded","section":"Shading Mode"},"sceneLighting":true,"audioPlay":false,"sceneViewState":{"showFog":true,"showMaterialUpdate":false,"showSkybox":false,"showFlares":true,"showImageEffects":true,"showParticleSystems":true},"in2DMode":false,"pivot":{"x":4.599700927734375,"y":34.06611633300781,"z":3.349614143371582},"rotation":{"x":0.23209823668003083,"y":0.3693543076515198,"z":-0.09581173956394196,"w":0.8947431445121765},"size":60.01556396484375,"orthographic":false}