{"cameraMode":{"drawMode":0,"name":"Shaded","section":"Shading Mode"},"sceneLighting":true,"audioPlay":false,"sceneViewState":{"showFog":true,"showMaterialUpdate":false,"showSkybox":false,"showFlares":true,"showImageEffects":true,"showParticleSystems":true},"in2DMode":false,"pivot":{"x":-1.3769898414611817,"y":240.565673828125,"z":12.623601913452149},"rotation":{"x":-0.6955329179763794,"y":-0.020760761573910714,"z":0.01994602382183075,"w":-0.7179882526397705},"size":78.57105255126953,"orthographic":false}